M,TICKS,TICK Time (sec),lambda,L : Packet length (bits),C = bits per secound,K: Buffer capacity (zero = inf),Service Time (Ticks),E[N] Avg num of packets in queue,E[T] Avg sojourn time (sec),P_Loss - packet loss,P_Idle - server idle (sec),Total Packets,Average Time (sec),Total Time (sec)
5,6000000000,0.001,100,2000,1000000,0,2000,599952.2,249.45762582229662,0,0.0000009998750279914234,0.024943820737490636,102.59346802,512.9773406
5,6000000000,0.001,150,2000,1000000,0,2000,900182,428.82756938173105,0,0.0000009997856982294906,0.06433724597738955,99.18927328,495.955367
5,6000000000,0.001,200,2000,1000000,0,2000,1200276.2,666.4660399738134,0,0.0000009996666499848539,0.13332406705555405,95.71347447999999,478.5793731
5,639,0.001,250,2000,1000000,0,2000,1.4,0,0,0,0.2363636363636364,0.00200014,0.018001
5,6000000000,0.001,300,2000,1000000,0,2000,1800759.4,1501.9521930503663,0,0.0000009992497707398496,0.45077561237512925,88.70987392,443.5593701
5,6000000000,0.001,350,2000,1000000,0,2000,2099606,2328.4454317211034,0,0.0000009988354102771087,0.8148056112024674,818.10159274,4090.5179643
5,6000000000,0.001,400,2000,1000000,0,2000,2399922.4,3996.2666304240092,0,0.0000009980043034923314,1.5984549396997423,82.06389378,410.3254693
5,6000000000,0.001,450,2000,1000000,0,2000,2698610.8,8933.283023432621,0,0.0000009955430121650346,4.017909649169651,78.52169119999999,392.6284571
